holdout,feature,fn_mean,tp_mean,holdout_lipid_mean,internal_lipid_mean,fn_z_vs_internal,tp_z_vs_internal,fn_minus_tp_sd
apo_pdb,ALA,0.9354838709677419,2.3055555555555554,1.671641791044776,1.5376072690560323,-0.421923482695528,0.5381212831101955,-0.9600447658057234
apo_pdb,ARG,0.3548387096774194,1.1666666666666667,0.7910447761194029,0.9581019687026754,-0.44337533379333494,0.15328704540486415,-0.5966623791981991
apo_pdb,ASN,0.25806451612903225,0.9444444444444444,0.6268656716417911,0.5350832912670368,-0.3114106028576706,0.4601832617084541,-0.7715938645661247
apo_pdb,ASP,0.45161290322580644,0.7222222222222222,0.5970149253731343,0.5159010600706714,-0.06828983344993855,0.21916381635465398,-0.28745364980459254
apo_pdb,CYS,0.3225806451612903,0.5277777777777778,0.43283582089552236,0.4482584553255931,-0.13693048389245363,0.08663915521715922,-0.22356963910961286
apo_pdb,GLN,0.16129032258064516,0.8333333333333334,0.5223880597014925,0.5320545179202423,-0.4494816872923363,0.36524376409452586,-0.8147254513868621
apo_pdb,GLU,0.7096774193548387,0.8055555555555556,0.7611940298507462,0.7198384654215043,-0.009658268009611002,0.08147572839322098,-0.09113399640283197
apo_pdb,GLY,0.45161290322580644,1.2777777777777777,0.8955223880597015,0.8551236749116607,-0.33778952848378246,0.3538149168172174,-0.6916044453009998
apo_pdb,HIS,0.3225806451612903,0.6666666666666666,0.5074626865671642,0.4719838465421504,-0.17846188288150475,0.23254831438005194,-0.4110101972615567
apo_pdb,ILE,1.1290322580645162,2.5555555555555554,1.8955223880597014,1.7269056032306915,-0.36698207455844817,0.5086356183054372,-0.8756176928638854
apo_pdb,LEU,2.225806451612903,5.027777777777778,3.7313432835820897,3.546188793538617,-0.4371082418635019,0.4904751718510536,-0.9275834137145555
apo_pdb,LYS,0.6451612903225806,0.5555555555555556,0.5970149253731343,0.8051489146895507,-0.12272701322732883,-0.19146385608945443,0.0687368428621256
apo_pdb,MET,0.5161290322580645,1.3055555555555556,0.9402985074626866,0.7930338213023725,-0.25888993512561664,0.47917812829897877,-0.7380680634245954
apo_pdb,PHE,1.3870967741935485,3.25,2.388059701492537,2.2059565875820293,-0.42023465822324263,0.5357977268076615,-0.9560323850309042
apo_pdb,PRO,0.7096774193548387,0.8888888888888888,0.8059701492537313,0.6400807672892479,0.07693302866260265,0.2750356774701415,-0.1981026488075389
apo_pdb,SER,0.7096774193548387,0.8888888888888888,0.8059701492537313,1.0595658758202928,-0.25578188866296653,-0.12477142718462138,-0.13101046147834516
apo_pdb,THR,0.7419354838709677,1.2222222222222223,1.0,1.2559313478041394,-0.356615360802065,-0.023387721235205196,-0.33322763956685986
apo_pdb,TRP,0.2903225806451613,0.6666666666666666,0.4925373134328358,0.4871277132761232,-0.23006287823822347,0.20987891840382025,-0.4399417966420437
apo_pdb,TYR,0.6451612903225806,2.0833333333333335,1.4179104477611941,1.1150933871781927,-0.39703917942607864,0.818052642671702,-1.2150918220977807
apo_pdb,VAL,1.5161290322580645,2.4444444444444446,2.014925373134328,2.385159010600707,-0.4232012153794573,0.02887088855647726,-0.45207210393593455
apo_pdb,aliphatic_count_shell1,0.0,0.3055555555555556,0.16417910447761194,0.17314487632508835,-0.40971245614084584,0.3133231878310664,-0.7230356439719122
apo_pdb,aliphatic_count_shell2,3.967741935483871,3.1666666666666665,3.537313432835821,3.3331650681474003,0.3332819126585458,-0.08744552245183965,0.4207274351103854
apo_pdb,aliphatic_count_shell3,2.6129032258064515,5.277777777777778,4.044776119402985,3.977284199899041,-0.48868534387802265,0.4658025605637785,-0.9544879044418011
apo_pdb,aliphatic_count_shell4,0.5483870967741935,3.611111111111111,2.1940298507462686,2.204442200908632,-0.6148464123354994,0.5222563733674345,-1.1371027857029339
apo_pdb,anionic_count_shell1,0.0,0.0,0.0,0.008581524482584554,-0.09301309084747543,-0.09301309084747543,0.0
apo_pdb,anionic_count_shell2,0.3548387096774194,0.19444444444444445,0.26865671641791045,0.25593134780413934,0.20360568560694783,-0.12657382501454498,0.3301795106214928
apo_pdb,anionic_count_shell3,0.4838709677419355,0.6388888888888888,0.5671641791044776,0.38869257950530034,0.1465898795267849,0.38534217200023324,-0.2387522924734483
apo_pdb,anionic_count_shell4,0.22580645161290322,0.3888888888888889,0.31343283582089554,0.35133770822816757,-0.17291979226257992,0.051726896823535526,-0.22464668908611543
apo_pdb,apol_as_prop,0.7099354838709678,0.7274999999999999,0.7193731343283583,0.7213427561837455,-0.06640636915392821,0.0358438191551654,-0.1022501883090936
apo_pdb,aromatic_aliphatic_ratio_shell1,0.06451612903225806,0.18055555555555555,0.12686567164179105,0.07698132256436144,-0.04638183094201193,0.38539013070064226,-0.43177196164265425
apo_pdb,aromatic_aliphatic_ratio_shell2,0.3834485407066052,0.469510582010582,0.42969083155650317,0.430789724605979,-0.08768748691759502,0.07172052740212743,-0.15940801431972246
apo_pdb,aromatic_aliphatic_ratio_shell3,0.29938556067588323,0.41094576719576714,0.35932835820895515,0.3290209958306879,-0.07254649654490163,0.20054894121623884,-0.2730954377611405
apo_pdb,aromatic_aliphatic_ratio_shell4,0.12043010752688173,0.41859768318101653,0.2806395511619392,0.22548146088024937,-0.2545637074538543,0.46796523746821433,-0.7225289449220686
apo_pdb,aromatic_count_shell1,0.06451612903225806,0.2222222222222222,0.14925373134328357,0.08076728924785462,-0.05844692463153263,0.5087394190094059,-0.5671863436409385
apo_pdb,aromatic_count_shell2,1.2580645161290323,1.4722222222222223,1.373134328358209,1.2948006057546693,-0.032945486313159605,0.1591144157300619,-0.19205990204322151
apo_pdb,aromatic_count_shell3,0.9032258064516129,2.0833333333333335,1.537313432835821,1.5073195355880868,-0.39792831409572993,0.3794315159673876,-0.7773598300631174
apo_pdb,aromatic_count_shell4,0.2903225806451613,1.6111111111111112,1.0,0.8313982836951035,-0.41402247941371595,0.5966237926001596,-1.0106462720138756
apo_pdb,aromatic_pi_count_shell1,0.03225806451612903,0.1388888888888889,0.08955223880597014,0.0408884401817264,-0.04356976557204253,0.49474747584240875,-0.5383172414144514
apo_pdb,aromatic_pi_count_shell2,0.8387096774193549,0.7222222222222222,0.7761194029850746,0.8581524482584554,-0.02181257561962792,-0.1524982400371501,0.1306856644175222
apo_pdb,aromatic_pi_count_shell3,0.5161290322580645,1.4722222222222223,1.0298507462686568,1.0045431600201917,-0.4287875993185274,0.41058391011739054,-0.8393715094359179
apo_pdb,aromatic_pi_count_shell4,0.22580645161290322,0.8611111111111112,0.5671641791044776,0.4558303886925795,-0.28221439285962513,0.4972354376120355,-0.7794498304716605
apo_pdb,aromatic_polar_count_shell1,0.03225806451612903,0.08333333333333333,0.05970149253731343,0.039878849066128215,-0.037482113834219254,0.2137268040087613,-0.25120891784298055
apo_pdb,aromatic_polar_count_shell2,0.41935483870967744,0.75,0.5970149253731343,0.43664815749621405,-0.024665375260134962,0.44693218688756314,-0.4715975621476981
apo_pdb,aromatic_polar_count_shell3,0.3870967741935484,0.6111111111111112,0.5074626865671642,0.502776375567895,-0.14888905606234,0.13943561632439788,-0.28832467238673787
apo_pdb,aromatic_polar_count_shell4,0.06451612903225806,0.75,0.43283582089552236,0.37556789500252397,-0.4191186654339518,0.5045188657027876,-0.9236375311367395
apo_pdb,as_density,4.4554838709677425,7.596583333333334,6.1432388059701495,6.242155477031802,-0.5753024636178952,0.4361213778056975,-1.0114238414235928
apo_pdb,as_max_dst,11.103000000000002,19.65375,15.697432835820896,16.032847046945985,-0.5704135173465458,0.41896066343509525,-0.9893741807816411
apo_pdb,bulky_hydrophobic_count_shell1,0.0,0.25,0.13432835820895522,0.1398283695103483,-0.3602673385979831,0.2838568471083387,-0.6441241857063218
apo_pdb,bulky_hydrophobic_count_shell2,2.967741935483871,2.638888888888889,2.791044776119403,2.6496718828874304,0.18673046840653137,-0.006330408989264939,0.19306087739579633
apo_pdb,bulky_hydrophobic_count_shell3,1.7419354838709677,3.8333333333333335,2.8656716417910446,3.0691569914184753,-0.5775679335625371,0.33254716576490145,-0.9101150993274386
apo_pdb,bulky_hydrophobic_count_shell4,0.45161290322580644,2.75,1.6865671641791045,1.6375567895002523,-0.5694513675868618,0.534158753136152,-1.1036101207230138
apo_pdb,cationic_count_shell1,0.03225806451612903,0.0,0.014925373134328358,0.02170620898536093,0.07073046239286321,-0.14549954686680042,0.21623000925966362
apo_pdb,cationic_count_shell2,0.3225806451612903,0.25,0.2835820895522388,0.3685007571933367,-0.07012665263841394,-0.18096779535918361,0.11084114272076968
apo_pdb,cationic_count_shell3,0.41935483870967744,0.6944444444444444,0.5671641791044776,0.6920747097425543,-0.2703969531948551,0.0023495502577220505,-0.27274650345257717
apo_pdb,cationic_count_shell4,0.1935483870967742,0.25,0.22388059701492538,0.3932357395254922,-0.24946460134764784,-0.17894096058095468,-0.07052364076669317
apo_pdb,charge_score,0.25806451612903225,0.9166666666666666,0.6119402985074627,0.9994952044422009,-0.3690186027964062,-0.041224718322809294,-0.32779388447359686
apo_pdb,flex,0.3842258064516129,0.32316666666666666,0.3514179104477612,0.3517112569409389,0.08467423134538363,-0.07433568285328562,0.15900991419866925
apo_pdb,hydrophobicity_score,50.82961290322581,51.83472222222223,51.369671641791044,50.12047955577991,0.04236355283964361,0.10240867961063042,-0.06004512677098681
apo_pdb,match_desc_cost,2.889335173782247,2.3980324637562096,2.6253516280966154,4.068005492316391,-0.17827202051963575,-0.2525807779608516,0.07430875744121589
apo_pdb,mean_as_ray,3.913064516129032,3.985749999999999,3.9521194029850752,3.9960323069156987,-0.7478157891416214,-0.09267778962720037,-0.655137999514421
apo_pdb,mean_as_solv_acc,0.5063225806451613,0.4901666666666668,0.4976417910447761,0.5165169106511863,-0.15053572901273626,-0.3891038631797056,0.23856813416696931
apo_pdb,mean_loc_hyd_dens,26.71725806451613,56.97616666666667,42.975776119402994,43.88943967693085,-0.7506171601117911,0.5720369181916964,-1.3226540783034875
apo_pdb,nb_AS,53.645161290322584,141.22222222222223,100.70149253731343,109.46945986875315,-0.5731885919139975,0.3260286578826265,-0.899217249796624
apo_pdb,pock_vol,516.9860967741936,1068.899638888889,813.5366567164177,863.7261534578496,-0.4973937478899338,0.29431848705986496,-0.7917122349497987
apo_pdb,pocket_burial,0.4550613054150653,0.34941671236921656,0.3982970464650571,0.432088444153206,0.1310009533196258,-0.47142911598337467,0.6024300693030005
apo_pdb,pocket_elongation,36.85211729662071,22.69163908871345,29.243502140133227,24.184439159109285,0.47724869878919574,-0.056240526749662914,0.5334892255388586
apo_pdb,pocket_lam1,13.840197795508697,36.15087849253238,25.828026229730384,24.464866487607697,-0.41752539491596175,0.45923378118860814,-0.8767591761045699
apo_pdb,pocket_lam2,2.6520162417956326,6.00243980737338,4.452243829270242,5.370586645494425,-0.42130451628040216,0.09792006503251467,-0.5192245813129168
apo_pdb,pocket_lam3,1.0584136947986225,2.4591196344275854,1.8110318116141846,1.699268426468675,-0.25971406063113933,0.30793880881586205,-0.5676528694470013
apo_pdb,pocket_planarity,7.324005918570888,3.365756225193758,5.197185187801088,4.330315938580255,0.7934426612809417,-0.2556453176745305,1.0490879789554721
apo_pdb,polar_hydrophobic_ratio_shell1,0.03225806451612903,0.1111111111111111,0.07462686567164178,0.06082786471479051,-0.11420067512228496,0.20099477930787388,-0.31519545443015884
apo_pdb,polar_hydrophobic_ratio_shell2,0.3013440860215053,0.49007936507936506,0.4027540867093106,0.40170047995641134,-0.19623746265693623,0.17281657390187422,-0.36905403655881047
apo_pdb,polar_hydrophobic_ratio_shell3,0.35391705069124424,0.35447191697191693,0.3542151877972773,0.35869652810591734,-0.011582029109438919,-0.010237430765932195,-0.001344598343506723
apo_pdb,polar_hydrophobic_ratio_shell4,0.15783410138248846,0.36672679172679173,0.2700749499256962,0.311918429598894,-0.32037448500291166,0.11395838236006134,-0.434332867362973
apo_pdb,polar_neutral_count_shell1,0.0,0.027777777777777776,0.014925373134328358,0.02221100454316002,-0.14412752934871226,0.03612287193903962,-0.18025040128775188
apo_pdb,polar_neutral_count_shell2,0.6129032258064516,0.5833333333333334,0.5970149253731343,0.8445229681978799,-0.2260859541010592,-0.254949371715749,0.028863417614689826
apo_pdb,polar_neutral_count_shell3,0.9032258064516129,1.5277777777777777,1.2388059701492538,1.2443210499747601,-0.2291851061888261,0.19045724469934802,-0.4196423508881741
apo_pdb,polar_neutral_count_shell4,0.2903225806451613,0.8611111111111112,0.5970149253731343,0.717819283190308,-0.3951644705734007,0.13245444697164455,-0.5276189175450453
apo_pdb,polarity_score,4.774193548387097,10.305555555555555,7.746268656716418,8.45583038869258,-0.5247396541619423,0.2636392959045309,-0.7883789500664732
apo_pdb,prop_polar_atm,26.115838709677423,25.43275,25.748805970149256,26.343735487127713,-0.025016939346050086,-0.10000171538878816,0.07498477604273808
apo_pdb,small_special_count_shell1,0.0,0.05555555555555555,0.029850746268656716,0.03331650681474003,-0.1855999846566141,0.12388955204772305,-0.30948953670433715
apo_pdb,small_special_count_shell2,1.0,0.5277777777777778,0.746268656716418,0.6834931852599697,0.38153940683543447,-0.18771022119916267,0.5692496280345971
apo_pdb,small_special_count_shell3,0.8709677419354839,1.4444444444444444,1.1791044776119404,0.9081272084805654,-0.03491084860951238,0.5038632567206581,-0.5387741053301704
apo_pdb,small_special_count_shell4,0.0967741935483871,0.8611111111111112,0.5074626865671642,0.5668854114083796,-0.5037508054997145,0.3152795074720163,-0.8190303129717308
apo_pdb,surf_apol_vdw14,97.97554838709677,126.41874999999999,113.25846268656717,88.45727915194348,0.09002877996333396,0.3590594909253119,-0.26903071096197795
apo_pdb,surf_pol_vdw14,33.01377419354839,50.54494444444445,42.43350746268657,37.85454820797577,-0.09057019088388742,0.23743550227785137,-0.3280056931617388
apo_pdb,surf_vdw14,130.98935483870966,176.96369444444446,155.69198507462687,126.31182735991923,0.031332569042137354,0.33929316925134384,-0.30796060020920646
apo_pdb,tunnel_branching_factor,0.0,0.0,0.0,0.0,,,
apo_pdb,tunnel_count,0.0,0.0,0.0,4.702170620898536,-0.7582697697582862,-0.7582697697582862,0.0
apo_pdb,tunnel_extends_beyond_pocket,0.0,0.0,0.0,0.09136799596163554,-0.3170249131500537,-0.3170249131500537,0.0
apo_pdb,tunnel_length_over_axial,0.0,0.0,0.0,0.5912364984978727,-0.6894561952338913,-0.6894561952338913,0.0
apo_pdb,tunnel_max_length,0.0,0.0,0.0,25.531665936176392,-0.9039021728457121,-0.9039021728457121,0.0
apo_pdb,tunnel_min_bottleneck,0.0,0.0,0.0,0.7468133805226782,-1.5262935144756418,-1.5262935144756418,0.0
apo_pdb,tunnel_primary_aromatic_fraction,0.0,0.0,0.0,0.10827321177815909,-0.979991526784784,-0.979991526784784,0.0
apo_pdb,tunnel_primary_avg_radius,0.0,0.0,0.0,0.0,,,
apo_pdb,tunnel_primary_bottleneck_radius,0.0,0.0,0.0,1.1765674649940696,-1.3074144700062613,-1.3074144700062613,0.0
apo_pdb,tunnel_primary_charge,0.0,0.0,0.0,0.24734982332155478,-0.18934901389035608,-0.18934901389035608,0.0
apo_pdb,tunnel_primary_curvature,1.0,1.0,1.0,1.1899975678428902,-0.7961980088033677,-0.7961980088033677,0.0
apo_pdb,tunnel_primary_hydrophobicity,0.0,0.0,0.0,0.3885458249539956,-0.39851248286392854,-0.39851248286392854,0.0
apo_pdb,tunnel_primary_length,0.0,0.0,0.0,7.356054889909702,-1.0053216169284058,-1.0053216169284058,0.0
apo_pdb,tunnel_primary_throughput,0.0,0.0,0.0,0.519892229139635,-1.4185904071887296,-1.4185904071887296,0.0
apo_pdb,tunnel_total_length,0.0,0.0,0.0,140.68188177845414,-0.48549803343990394,-0.48549803343990394,0.0
apo_pdb,volume_score,4.3793870967741935,4.512916666666667,4.451134328358209,4.4276527006562345,-0.09632887807624578,0.1701705049871392,-0.266499383063385
alphafold,ALA,1.1875,2.627906976744186,1.8681318681318682,1.5376072690560323,-0.24532924438103496,0.7640012849695768,-1.0093305293506116
alphafold,ARG,0.8541666666666666,1.302325581395349,1.065934065934066,0.9581019687026754,-0.07638845652159498,0.2529911392644123,-0.3293795957860073
alphafold,ASN,0.5833333333333334,0.4418604651162791,0.5164835164835165,0.5350832912670368,0.05424027552027106,-0.10479642210980429,0.15903669763007536
alphafold,ASP,0.5208333333333334,0.5813953488372093,0.5494505494505495,0.5159010600706714,0.005239287236832275,0.06957104218405213,-0.06433175494721985
alphafold,CYS,0.4166666666666667,0.6046511627906976,0.5054945054945055,0.4482584553255931,-0.03442038735747829,0.17039546664961186,-0.20481585400709015
alphafold,GLN,0.4166666666666667,0.8604651162790697,0.6263736263736264,0.5320545179202423,-0.13988601576532866,0.3981359358063302,-0.5380219515716589
alphafold,GLU,0.4583333333333333,1.069767441860465,0.7472527472527473,0.7198384654215043,-0.24856561371983885,0.3326141636011119,-0.5811797773209508
alphafold,GLY,0.9583333333333334,1.255813953488372,1.098901098901099,0.8551236749116607,0.0863995320560391,0.33542841917944183,-0.2490288871234027
alphafold,HIS,0.6041666666666666,0.6976744186046512,0.6483516483516484,0.4719838465421504,0.1578921652680895,0.2695870240169946,-0.11169485874890513
alphafold,ILE,1.4791666666666667,2.86046511627907,2.131868131868132,1.7269056032306915,-0.15206523191613455,0.6957928884057117,-0.8478581203218463
alphafold,LEU,2.6875,5.604651162790698,4.065934065934066,3.546188793538617,-0.2842661075761898,0.6814472131259218,-0.9657133207021116
alphafold,LYS,0.5625,0.627906976744186,0.5934065934065934,0.8051489146895507,-0.18613675076763972,-0.1359628518063614,-0.050173898961278336
alphafold,MET,0.8333333333333334,1.3488372093023255,1.0769230769230769,0.7930338213023725,0.0376777089746181,0.5196439670058627,-0.48196625803124454
alphafold,PHE,1.5208333333333333,3.3488372093023258,2.3846153846153846,2.2059565875820293,-0.3516017416932464,0.5865204759178283,-0.9381222176110747
alphafold,PRO,0.6875,1.0,0.8351648351648352,0.6400807672892479,0.052417825872669674,0.3978593197308158,-0.3454414938581461
alphafold,SER,0.8333333333333334,1.372093023255814,1.0879120879120878,1.0595658758202928,-0.16538467024290834,0.22846933802001462,-0.39385400826292294
alphafold,THR,1.0208333333333333,1.5116279069767442,1.2527472527472527,1.2559313478041394,-0.1631133033110481,0.17740477522021597,-0.3405180785312641
alphafold,TRP,0.3541666666666667,0.6046511627906976,0.4725274725274725,0.4871277132761232,-0.15542989487930534,0.13738352600034726,-0.29281342087965256
alphafold,TYR,0.8541666666666666,1.8604651162790697,1.3296703296703296,1.1150933871781927,-0.22045340528009283,0.6297543446591573,-0.85020774993925
alphafold,VAL,1.6041666666666667,3.302325581395349,2.4065934065934065,2.385159010600707,-0.3803285472214403,0.44664282837048797,-0.8269713755919282
alphafold,aliphatic_count_shell1,0.125,0.37209302325581395,0.24175824175824176,0.17314487632508835,-0.11392514724324541,0.47077069592642984,-0.5846958431696753
alphafold,aliphatic_count_shell2,3.125,3.558139534883721,3.32967032967033,3.3331650681474003,-0.10932899642570189,0.11815734930258791,-0.2274863457282898
alphafold,aliphatic_count_shell3,3.6875,6.651162790697675,5.087912087912088,3.977284199899041,-0.1037930710462035,0.9577129140939185,-1.061505985140122
alphafold,aliphatic_count_shell4,1.5,4.27906976744186,2.8131868131868134,2.204442200908632,-0.2615394613651905,0.770250526706949,-1.0317899880721395
alphafold,anionic_count_shell1,0.0,0.0,0.0,0.008581524482584554,-0.09301309084747543,-0.09301309084747543,0.0
alphafold,anionic_count_shell2,0.2708333333333333,0.23255813953488372,0.25274725274725274,0.25593134780413934,0.03067647264178046,-0.048114902716674346,0.0787913753584548
alphafold,anionic_count_shell3,0.25,0.5581395348837209,0.3956043956043956,0.38869257950530034,-0.21360866576552748,0.2609753036933893,-0.47458396945891673
alphafold,anionic_count_shell4,0.3541666666666667,0.37209302325581395,0.3626373626373626,0.35133770822816757,0.0038969012076730566,0.028590526851211332,-0.024693625643538275
alphafold,apol_as_prop,0.7051666666666666,0.7284186046511628,0.7161538461538461,0.7213427561837455,-0.09416759260974997,0.04119139023956115,-0.1353589828493111
alphafold,aromatic_aliphatic_ratio_shell1,0.052083333333333336,0.20930232558139536,0.12637362637362637,0.07698132256436144,-0.09264311254658202,0.4923542002141633,-0.5849973127607453
alphafold,aromatic_aliphatic_ratio_shell2,0.610176917989418,0.3872923588039867,0.5048578405721263,0.430789724605979,0.3322690916735287,-0.08056779278733875,0.4128368844608674
alphafold,aromatic_aliphatic_ratio_shell3,0.2565070346320346,0.3760184905533743,0.3129794808366237,0.3290209958306879,-0.17751161095072862,0.1150482039729939,-0.2925598149237225
alphafold,aromatic_aliphatic_ratio_shell4,0.1242063492063492,0.3523532668881506,0.23201203558346417,0.22548146088024937,-0.24541300114230927,0.3074397071315995,-0.5528527082739088
alphafold,aromatic_count_shell1,0.0625,0.23255813953488372,0.14285714285714285,0.08076728924785462,-0.06569788641103326,0.5459123083389389,-0.6116101947499721
alphafold,aromatic_count_shell2,1.5208333333333333,1.372093023255814,1.4505494505494505,1.2948006057546693,0.2027096027001235,0.06931702064222695,0.13339258205789656
alphafold,aromatic_count_shell3,1.0625,2.441860465116279,1.7142857142857142,1.5073195355880868,-0.293011298307029,0.6156003259166367,-0.9086116242236657
alphafold,aromatic_count_shell4,0.5416666666666666,1.6046511627906976,1.043956043956044,0.8313982836951035,-0.2216980022767471,0.5916807434012655,-0.8133787456780125
alphafold,aromatic_pi_count_shell1,0.041666666666666664,0.18604651162790697,0.10989010989010989,0.0408884401817264,0.003928814552761987,0.7328189859696128,-0.7288901714168509
alphafold,aromatic_pi_count_shell2,0.875,0.7674418604651163,0.8241758241758241,0.8581524482584554,0.018901035218138556,-0.10176695349224432,0.12066798871038288
alphafold,aromatic_pi_count_shell3,0.5416666666666666,1.5116279069767442,1.0,1.0045431600201917,-0.4063676480355624,0.4451788737045686,-0.851546521740131
alphafold,aromatic_pi_count_shell4,0.3541666666666667,0.9069767441860465,0.6153846153846154,0.4558303886925795,-0.12473034742229734,0.5535075889181044,-0.6782379363404017
alphafold,aromatic_polar_count_shell1,0.020833333333333332,0.046511627906976744,0.03296703296703297,0.039878849066128215,-0.09367358229909649,0.03262270044754277,-0.12629628274663926
alphafold,aromatic_polar_count_shell2,0.6458333333333334,0.6046511627906976,0.6263736263736264,0.43664815749621405,0.2983597841784307,0.2396218575259828,0.058737926652447855
alphafold,aromatic_polar_count_shell3,0.5208333333333334,0.9302325581395349,0.7142857142857143,0.502776375567895,0.023240773352542536,0.5501708752016539,-0.5269301018491114
alphafold,aromatic_polar_count_shell4,0.1875,0.6976744186046512,0.42857142857142855,0.37556789500252397,-0.2534072260241251,0.434014112984005,-0.6874213390081301
alphafold,as_density,5.614624999999999,8.522558139534885,6.988703296703297,6.242155477031802,-0.2020627787481417,0.7342822627986586,-0.9363450415468003
alphafold,as_max_dst,14.365354166666668,22.422906976744187,18.17276923076923,16.032847046945985,-0.1929391459679641,0.7393690972358786,-0.9323082432038428
alphafold,bulky_hydrophobic_count_shell1,0.10416666666666667,0.3488372093023256,0.21978021978021978,0.1398283695103483,-0.091882261220349,0.5385105949457217,-0.6303928561660707
alphafold,bulky_hydrophobic_count_shell2,2.4791666666666665,3.0,2.7252747252747254,2.6496718828874304,-0.10009907764267287,0.20566832014017897,-0.30576739778285184
alphafold,bulky_hydrophobic_count_shell3,2.5208333333333335,4.883720930232558,3.6373626373626373,3.0691569914184753,-0.23861439881944535,0.7896450882524849,-1.0282594870719302
alphafold,bulky_hydrophobic_count_shell4,1.1458333333333333,2.883720930232558,1.967032967032967,1.6375567895002523,-0.2361094802456708,0.5983671591806651,-0.8344766394263359
alphafold,cationic_count_shell1,0.020833333333333332,0.0,0.01098901098901099,0.02170620898536093,-0.00585099921993433,-0.14549954686680042,0.1396485476468661
alphafold,cationic_count_shell2,0.5,0.11627906976744186,0.31868131868131866,0.3685007571933367,0.20081836290124533,-0.3851789962891805,0.5859973591904258
alphafold,cationic_count_shell3,0.5625,0.813953488372093,0.6813186813186813,0.6920747097425543,-0.12847104463932024,0.1208406643627543,-0.24931170900207456
alphafold,cationic_count_shell4,0.16666666666666666,0.5813953488372093,0.3626373626373626,0.3932357395254922,-0.28304728742702556,0.23506326943481545,-0.518110556861841
alphafold,charge_score,1.0416666666666667,1.069767441860465,1.054945054945055,0.9994952044422009,0.02098922301605711,0.0349753028519262,-0.013986079835869095
alphafold,flex,0.8564999999999999,0.9042790697674419,0.879076923076923,0.3517112569409389,1.3145683841105236,1.4389944047025507,-0.12442602059202697
alphafold,hydrophobicity_score,47.01891666666666,53.39953488372094,50.033934065934076,50.12047955577991,-0.1852870462398483,0.1958904261796017,-0.38117747241945
alphafold,match_desc_cost,8.063642995472955,4.614661634695963,6.433904550270642,4.068005492316391,0.6043338495514333,0.08268087649197306,0.5216529730594602
alphafold,mean_as_ray,3.9671458333333334,3.9434186046511623,3.9559340659340654,3.9960323069156987,-0.2603632184573796,-0.4742244780240606,0.21386125956668103
alphafold,mean_as_solv_acc,0.5052083333333334,0.48200000000000004,0.49424175824175814,0.5165169106511863,-0.16698938818282114,-0.5096978717652739,0.3427084835824528
alphafold,mean_loc_hyd_dens,39.63752083333333,58.44420930232558,48.524197802197804,43.88943967693085,-0.18585659757404502,0.6362068657832517,-0.8220634633572966
alphafold,nb_AS,83.5,161.8372093023256,120.51648351648352,109.46945986875315,-0.2666472936336923,0.5376976930101951,-0.8043449866438874
alphafold,pock_vol,725.9123333333333,1212.3899534883722,955.7863736263736,863.7261534578496,-0.19769199197340215,0.5001533307383303,-0.6978453227117325
alphafold,pocket_burial,0.3219511049420929,0.23819115202074426,0.28237222608914797,0.432088444153206,-0.628049604630534,-1.1056842169511587,0.47763461232062465
alphafold,pocket_elongation,26.190462686465583,20.777956352386926,23.632904748384455,24.184439159109285,0.07557597436394782,-0.12833760609546008,0.2039135804594079
alphafold,pocket_lam1,16.50795197435085,38.82891825088788,27.055221753373843,24.464866487607697,-0.31268870312451874,0.5644746729389115,-0.8771633760634302
alphafold,pocket_lam2,3.9678709755584296,7.129165292497283,5.461669389057008,5.370586645494425,-0.21738280016484804,0.2725318885280823,-0.4899146886929303
alphafold,pocket_lam3,1.241163235497888,2.7208237446400134,1.9403434760815297,1.699268426468675,-0.18565261901582122,0.413997535994181,-0.5996501550100022
alphafold,pocket_planarity,4.203459534372988,3.267897913767555,3.7613809663945967,4.330315938580255,-0.03362181242129139,-0.2815815233489433,0.24795971092765193
alphafold,polar_hydrophobic_ratio_shell1,0.0625,0.06976744186046512,0.06593406593406594,0.06082786471479051,0.006683945184736198,0.03573373766161725,-0.02904979247688105
alphafold,polar_hydrophobic_ratio_shell2,0.5092757936507937,0.30999446290143967,0.4151098901098901,0.40170047995641134,0.21035337935321083,-0.17932246657760711,0.38967584593081794
alphafold,polar_hydrophobic_ratio_shell3,0.37651289682539685,0.4431281251048692,0.4079904222761365,0.35869652810591734,0.043174113659374194,0.20460170210160084,-0.16142758844222665
alphafold,polar_hydrophobic_ratio_shell4,0.23407738095238095,0.3844592100406054,0.30513692656549796,0.311918429598894,-0.16184829541644458,0.15082789693629706,-0.31267619235274163
alphafold,polar_neutral_count_shell1,0.041666666666666664,0.023255813953488372,0.03296703296703297,0.02221100454316002,0.12624807258291557,0.006779783357312575,0.11946828922560299
alphafold,polar_neutral_count_shell2,0.875,0.4418604651162791,0.6703296703296703,0.8445229681978799,0.029748883847328097,-0.3930422132845506,0.4227910971318787
alphafold,polar_neutral_count_shell3,1.125,1.813953488372093,1.4505494505494505,1.2443210499747601,-0.08017293711447442,0.3827413995406044,-0.4629143366550788
alphafold,polar_neutral_count_shell4,0.5625,0.813953488372093,0.6813186813186813,0.717819283190308,-0.14357224733272964,0.08886342764396618,-0.23243567497669582
alphafold,polarity_score,7.229166666666667,11.348837209302326,9.175824175824175,8.45583038869258,-0.17483503267407252,0.41233708385233814,-0.5871721165264107
alphafold,prop_polar_atm,28.37510416666667,25.854395348837205,27.184,26.343735487127713,0.22298966933210237,-0.05371639167592721,0.2767060610080296
alphafold,small_special_count_shell1,0.020833333333333332,0.023255813953488372,0.02197802197802198,0.03331650681474003,-0.06954140839248767,-0.056046225105961335,-0.013495183286526335
alphafold,small_special_count_shell2,0.6458333333333334,0.5581395348837209,0.6043956043956044,0.6834931852599697,-0.04539781419051334,-0.1511100399165005,0.10571222572598714
alphafold,small_special_count_shell3,1.1666666666666667,1.7674418604651163,1.4505494505494505,0.9081272084805654,0.24289454945135683,0.8073152419175201,-0.5644206924661633
alphafold,small_special_count_shell4,0.3541666666666667,1.3953488372093024,0.8461538461538461,0.5668854114083796,-0.22794018720999626,0.8877454998288488,-1.115685687038845
alphafold,surf_apol_vdw14,172.37777083333333,267.36588372093024,217.2622637362638,88.45727915194348,0.7937640019779262,1.6922113670415675,-0.8984473650636414
alphafold,surf_pol_vdw14,44.25816666666666,64.81832558139536,53.973406593406594,37.85454820797577,0.11981078737050396,0.5044884261035142,-0.38467763873301025
alphafold,surf_vdw14,216.63591666666665,332.1843488372093,271.23572527472527,126.31182735991923,0.6050388324182937,1.3790437410180976,-0.7740049085998039
alphafold,tunnel_branching_factor,0.0,0.0,0.0,0.0,,,
alphafold,tunnel_count,0.0,0.0,0.0,4.702170620898536,-0.7582697697582862,-0.7582697697582862,0.0
alphafold,tunnel_extends_beyond_pocket,0.0,0.0,0.0,0.09136799596163554,-0.3170249131500537,-0.3170249131500537,0.0
alphafold,tunnel_length_over_axial,0.0,0.0,0.0,0.5912364984978727,-0.6894561952338913,-0.6894561952338913,0.0
alphafold,tunnel_max_length,0.0,0.0,0.0,25.531665936176392,-0.9039021728457121,-0.9039021728457121,0.0
alphafold,tunnel_min_bottleneck,0.0,0.0,0.0,0.7468133805226782,-1.5262935144756418,-1.5262935144756418,0.0
alphafold,tunnel_primary_aromatic_fraction,0.0,0.0,0.0,0.10827321177815909,-0.979991526784784,-0.979991526784784,0.0
alphafold,tunnel_primary_avg_radius,0.0,0.0,0.0,0.0,,,
alphafold,tunnel_primary_bottleneck_radius,0.0,0.0,0.0,1.1765674649940696,-1.3074144700062613,-1.3074144700062613,0.0
alphafold,tunnel_primary_charge,0.0,0.0,0.0,0.24734982332155478,-0.18934901389035608,-0.18934901389035608,0.0
alphafold,tunnel_primary_curvature,1.0,1.0,1.0,1.1899975678428902,-0.7961980088033677,-0.7961980088033677,0.0
alphafold,tunnel_primary_hydrophobicity,0.0,0.0,0.0,0.3885458249539956,-0.39851248286392854,-0.39851248286392854,0.0
alphafold,tunnel_primary_length,0.0,0.0,0.0,7.356054889909702,-1.0053216169284058,-1.0053216169284058,0.0
alphafold,tunnel_primary_throughput,0.0,0.0,0.0,0.519892229139635,-1.4185904071887296,-1.4185904071887296,0.0
alphafold,tunnel_total_length,0.0,0.0,0.0,140.68188177845414,-0.48549803343990394,-0.48549803343990394,0.0
alphafold,volume_score,4.3111875,4.462395348837209,4.382637362637363,4.4276527006562345,-0.23244217852445306,0.06933965498184187,-0.30178183350629495
